interval,taux,TIC,nb_slot,nb_noeud
0:3,0.357762,500000,25,5
4:6,0.398775,500000,25,5
7:9,0.222816,500000,25,5
10:12,0.020404,500000,25,5
13:16,0.000243,500000,25,5
