interval,taux,TIC,nb_slot,nb_noeud
0:3,0.357499,1000000,25,5
4:6,0.398486,1000000,25,5
7:9,0.223043,1000000,25,5
10:12,0.020738,1000000,25,5
13:17,0.000233,1000000,25,5
