intervalle,type,taux,TIC,nb_slot,nb_noeud,politique_prioritaire
0:94273,Tous type,0.372298,1000000,25,10,0
94274:188546,Tous type,0.362595,1000000,25,10,0
188547:282819,Tous type,0.107738,1000000,25,10,0
282820:377092,Tous type,0.080893,1000000,25,10,0
377093:+,Tous type,0.076476,1000000,25,10,0
