intervalle,type,taux,TIC,nb_slot,nb_noeud,politique_prioritaire
0:4,Best effort,0.503654,1000000,25,5,1
0:4,Prioritaire,0.859555,1000000,25,5,1
5:8,Best effort,0.422827,1000000,25,5,1
5:8,Prioritaire,0.138855,1000000,25,5,1
9:12,Best effort,0.071619,1000000,25,5,1
9:12,Prioritaire,0.001591,1000000,25,5,1
13:16,Best effort,0.001884,1000000,25,5,1
13:16,Prioritaire,0.000000,1000000,25,5,1
17:+,Best effort,0.000016,1000000,25,5,1
17:+,Prioritaire,0.000000,1000000,25,5,1
