intervalle,type,taux,TIC,nb_slot,nb_noeud,politique_prioritaire
0:4,Best effort,0.512086,1000000,25,5,1
0:4,Prioritaire,0.787383,1000000,25,5,1
5:8,Best effort,0.418585,1000000,25,5,1
5:8,Prioritaire,0.204850,1000000,25,5,1
9:12,Best effort,0.067681,1000000,25,5,1
9:12,Prioritaire,0.007700,1000000,25,5,1
13:16,Best effort,0.001631,1000000,25,5,1
13:16,Prioritaire,0.000067,1000000,25,5,1
17:+,Best effort,0.000018,1000000,25,5,1
17:+,Prioritaire,0.000000,1000000,25,5,1
