interval,valeur,TIC,nb_slot,nb_noeud
0:3,9564232.000000,500000,25,5
4:6,10657870.000000,500000,25,5
7:9,5968869.000000,500000,25,5
10:12,553635.000000,500000,25,5
13:16,6889.000000,500000,25,5
