interval,taux,TIC,nb_slot,nb_noeud
0:75552,0.475013,1000000,25,5
75553:151104,0.235281,1000000,25,5
151105:226656,0.225642,1000000,25,5
226657:302208,0.031987,1000000,25,5
302209:377764,0.032077,1000000,25,5
