intervalle,type,taux,TIC,nb_slot,nb_noeud,politique_prioritaire
0:93999,Tous type,0.367726,1000000,25,10,0
94000:187998,Tous type,0.360088,1000000,25,10,0
187999:281997,Tous type,0.115283,1000000,25,10,0
281998:375996,Tous type,0.081196,1000000,25,10,0
375997:+,Tous type,0.075707,1000000,25,10,0
