interval,count,80000
0:8000,2005146.000000
8001:16000,1999238.000000
16001:24000,1368979.000000
24001:32000,512541.000000
32001:40000,506757.000000
40001:48000,6992.000000
