interval,count,1000
0:100,36817.000000
100:200,15061.000000
200:300,12474.000000
300:400,9410.000000
400:500,3015.000000
500:600,2232.000000
600:700,480.000000
700:800,240.000000
800:900,0.000000
900:1000,0.000000
