interval,taux,TIC,nb_slot,nb_noeud
0:3,0.357356,500000,25,5
4:6,0.398440,500000,25,5
7:9,0.223314,500000,25,5
10:12,0.020652,500000,25,5
13:17,0.000239,500000,25,5
