interval,valeur,TIC
0:4,5285900.000000,200000
5:8,4783310.000000,200000
9:12,631179.000000,200000
13:16,2662.000000,200000
