interval,taux,TIC,nb_slot,nb_noeud
0:3,0.366992,1000000,25,5
4:6,0.423880,1000000,25,5
7:9,0.176126,1000000,25,5
10:12,0.031691,1000000,25,5
13:18,0.001311,1000000,25,5
