interval,taux,TIC,nb_slot,nb_noeud
0:3,0.357797,1000000,25,5
4:6,0.398515,1000000,25,5
7:9,0.222877,1000000,25,5
10:12,0.020567,1000000,25,5
13:17,0.000244,1000000,25,5
