intervalle,type,taux,TIC,nb_slot,nb_noeud,politique_prioritaire
0:0,Tous type,0,1000000,25,5,0
0:3,Tous type,0.365017,1000000,25,5,0
0:6,Tous type,0.786999,1000000,25,5,0
0:9,Tous type,0.964561,1000000,25,5,0
0:12,Tous type,0.998343,1000000,25,5,0
0:19,Tous type,1.000000,1000000,25,5,0
