interval,count,1000000
0:7,46335969.000000
8:10,6865116.000000
11:15,308556.000000
16:20,202.000000
