numero_noeud,type_attente,TIC,TIC_actuel,nombre_slot,nombre_noeud
0,max,17.000000,2000000,25,5
0,moyenne,3.654374,2000000,25,5
1,max,16.000000,2000000,25,5
1,moyenne,3.650602,2000000,25,5
2,max,16.000000,2000000,25,5
2,moyenne,3.654400,2000000,25,5
3,max,17.000000,2000000,25,5
3,moyenne,3.656207,2000000,25,5
4,max,15.000000,2000000,25,5
4,moyenne,3.656396,2000000,25,5
