interval,count,100000
0:10000,2709933.000000
10001:20000,2678468.000000
20001:30000,1636579.000000
30001:40000,426325.000000
40001:50000,421067.000000
50001:60000,61967.000000
60001:70000,42273.000000
70001:80000,23120.000000
