interval,taux,TIC,nb_slot,nb_noeud
0:3,0.358083,1000000,25,5
4:6,0.398287,1000000,25,5
7:9,0.222977,1000000,25,5
10:12,0.020411,1000000,25,5
13:17,0.000242,1000000,25,5
