interval,valeur,TIC,nb_slot,nb_noeud
0:3,9570908.000000,500000,25,5
4:6,10654053.000000,500000,25,5
7:9,5939325.000000,500000,25,5
10:12,546997.000000,500000,25,5
13:16,6695.000000,500000,25,5
