interval,taux,TIC,nb_slot,nb_noeud
0:2,0.223610,10000,25,5
3:4,0.267817,10000,25,5
5:6,0.262774,10000,25,5
7:8,0.187326,10000,25,5
9:13,0.058472,10000,25,5
