interval,taux,TIC,nb_slot,nb_noeud
0:3,0.357414,500000,25,5
4:6,0.398366,500000,25,5
7:9,0.223094,500000,25,5
10:12,0.020861,500000,25,5
13:16,0.000265,500000,25,5
