interval,taux,TIC,nb_slot,nb_noeud
0:3,0.357940,500000,25,5
4:6,0.398540,500000,25,5
7:9,0.222596,500000,25,5
10:12,0.020654,500000,25,5
13:15,0.000269,500000,25,5
