intervalle,type,taux,TIC,nb_slot,nb_noeud,politique_prioritaire
0:3,Tous type,0.367284,1000000,25,5,0
4:6,Tous type,0.423218,1000000,25,5,0
7:9,Tous type,0.175248,1000000,25,5,0
10:12,Tous type,0.032732,1000000,25,5,0
13:19,Tous type,0.001518,1000000,25,5,0
