intervalle,type,taux,TIC,nb_slot,nb_noeud,politique_prioritaire
0:3,Tous type,0.367573,1000000,25,5,0
4:6,Tous type,0.421767,1000000,25,5,0
7:9,Tous type,0.176025,1000000,25,5,0
10:12,Tous type,0.033014,1000000,25,5,0
13:+,Tous type,0.001619,1000000,25,5,0
