interval,valeur,TIC,nb_slot,nb_noeud
0:3,9564677.000000,500000,25,5
4:6,10639208.000000,500000,25,5
7:9,5970034.000000,500000,25,5
10:12,552058.000000,500000,25,5
13:16,7205.000000,500000,25,5
