intervalle,type,taux,TIC,nb_slot,nb_noeud,politique_prioritaire
0:2,Best effort,0.224233,1000000,25,5,1
0:2,Prioritaire,0.999967,1000000,25,5,1
3:4,Best effort,0.281644,1000000,25,5,1
3:4,Prioritaire,0.000001,1000000,25,5,1
5:6,Best effort,0.276465,1000000,25,5,1
5:6,Prioritaire,0.000001,1000000,25,5,1
7:8,Best effort,0.144559,1000000,25,5,1
7:8,Prioritaire,0.000001,1000000,25,5,1
9:13,Best effort,0.073099,1000000,25,5,1
9:13,Prioritaire,0.000030,1000000,25,5,1
