interval,valeur,TIC,nb_slot,nb_noeud
0:3,9577614.000000,500000,25,5
4:6,10656625.000000,500000,25,5
7:9,5968373.000000,500000,25,5
10:12,554327.000000,500000,25,5
13:17,7303.000000,500000,25,5
