intervalle,type,taux,TIC,nb_slot,nb_noeud,politique_prioritaire
0:2,Best effort,0.227278,1000000,25,5,1
0:2,Prioritaire,0.999986,1000000,25,5,1
3:4,Best effort,0.283781,1000000,25,5,1
3:4,Prioritaire,0.000001,1000000,25,5,1
5:6,Best effort,0.277079,1000000,25,5,1
5:6,Prioritaire,0.000001,1000000,25,5,1
7:8,Best effort,0.142338,1000000,25,5,1
7:8,Prioritaire,0.000001,1000000,25,5,1
9:13,Best effort,0.069524,1000000,25,5,1
9:13,Prioritaire,0.000010,1000000,25,5,1
