interval,taux,TIC,nb_slot,nb_noeud
0:3,0.358115,500000,25,5
4:6,0.398398,500000,25,5
7:9,0.222749,500000,25,5
10:12,0.020509,500000,25,5
13:15,0.000230,500000,25,5
