numero_noeud,type_attente,TIC,TIC_actuel
0,max,16.000000,1000000
0,moyenne,3.648885,1000000
1,max,16.000000,1000000
1,moyenne,3.651082,1000000
2,max,17.000000,1000000
2,moyenne,3.658394,1000000
3,max,17.000000,1000000
3,moyenne,3.653747,1000000
4,max,16.000000,1000000
4,moyenne,3.653674,1000000
