interval,taux,TIC,nb_slot,nb_noeud
0:3,0.368936,1000000,25,5
4:6,0.424395,1000000,25,5
7:9,0.173188,1000000,25,5
10:12,0.032022,1000000,25,5
13:18,0.001459,1000000,25,5
