intervalle,type,taux,TIC,nb_slot,nb_noeud
0:4,Tous type,0.511177,1000000,25,5
5:8,Tous type,0.417536,1000000,25,5
9:12,Tous type,0.069538,1000000,25,5
13:16,Tous type,0.001734,1000000,25,5
17:22,Tous type,0.000016,1000000,25,5
