interval,type_valeur,valeur,TIC
0:2675763,Min,0.000000,200000
0:2675763,Moyenne,0.685859,200000
0:2675763,Max,2.000000,200000
2675764:5351526,Min,2.000000,200000
2675764:5351526,Moyenne,2.593884,200000
2675764:5351526,Max,4.000000,200000
5351527:8027289,Min,4.000000,200000
5351527:8027289,Moyenne,4.484938,200000
5351527:8027289,Max,5.000000,200000
8027290:10703052,Min,5.000000,200000
8027290:10703052,Moyenne,6.861346,200000
8027290:10703052,Max,16.000000,200000
