numero_noeud,type_attente,TIC
0,max,25816.000000
0,moyenne,9503.616588
1,max,50949.000000
1,moyenne,12532.598663
2,max,50691.000000
2,moyenne,12587.039349
3,max,50149.000000
3,moyenne,12626.395647
4,max,75241.000000
4,moyenne,9493.829050
5,max,28735.000000
5,moyenne,11949.727582
6,max,21242.000000
6,moyenne,6735.035756
7,max,25653.000000
7,moyenne,9303.613884
8,max,24835.000000
8,moyenne,9163.770263
9,max,24891.000000
9,moyenne,9262.067676
